job_id,sentence_id,sentence,source_section
002364201402001,1,负责项目前期现场技术考察工作,岗位职责
002364201402001,2,参与电厂项目管理信息平台的设计和建设工作,岗位职责
002364201402001,3,负责各项目电厂管理信息平台后期的运行维护工作,岗位职责
002364201402001,4,负责项目现场的组织和管理工作,岗位职责
002364201402001,5,根据项目要求和系统设计方案，深化设计，绘制施工图,岗位职责
002364201403002,1,负责项目前期现场技术考察工作,岗位职责
002364201403002,2,参与电厂项目管理信息平台的设计和建设工作,岗位职责
002364201403002,3,负责各项目电厂管理信息平台后期的运行维护工作,岗位职责
002364201403002,4,负责项目现场的组织和管理工作,岗位职责
002364201403002,5,根据项目要求和系统设计方案，深化设计，绘制施工图,岗位职责
002364201405003,1,负责项目前期现场技术考察工作,岗位职责
002364201405003,2,参与电厂项目管理信息平台的设计和建设工作,岗位职责
002364201405003,3,负责各项目电厂管理信息平台后期的运行维护工作,岗位职责
002364201405003,4,负责项目现场的组织和管理工作,岗位职责
002364201405003,5,根据项目要求和系统设计方案，深化设计，绘制施工图,岗位职责
002364201406004,1,负责项目前期现场技术考察工作,岗位职责
002364201406004,2,参与电厂项目管理信息平台的设计和建设工作,岗位职责
002364201406004,3,负责各项目电厂管理信息平台后期的运行维护工作,岗位职责
002364201406004,4,负责项目现场的组织和管理工作,岗位职责
002364201406004,5,根据项目要求和系统设计方案，深化设计，绘制施工图,岗位职责
002364201407005,1,软件设计师，主要是确定系统功能需求规范，完成系统的设计，协助系统的开发与测试工作,职位概要
002364201407005,2,掌握公司现有的产品，负责前期的技术交流和系统介绍,职位概要
002364201407005,3,与客户/前方销售人员接触，了解并确定客户需求，完成业务需求和相关资料的收集,主要职责
002364201407005,4,根据需求撰写需求规范文档及功能规范（概要设计）文档,主要职责
002364201407005,5,完成软件产品的界面设计，数据库设计，以及系统的详细设计,主要职责
002364201407005,6,负责与系统开发、测试等小组沟通，确保各个协作小组对系统设计文档的充分准确理解,主要职责
002364201407005,7,推动及协调开发进度，把控项目质量,主要职责
002364201407005,8,配合测试组完成产品的测试工作,主要职责
002364201407005,9,掌握公司现有的产品，负责前期的技术交流和系统介绍,主要职责
002364201408006,1,负责项目前期现场技术考察工作,岗位职责
002364201408006,2,参与电厂项目管理信息平台的设计和建设工作,岗位职责
002364201408006,3,负责各项目电厂管理信息平台后期的运行维护工作,岗位职责
002364201408006,4,负责项目现场的组织和管理工作,岗位职责
002364201408006,5,根据项目要求和系统设计方案，深化设计，绘制施工图,岗位职责
002364201409007,1,负责项目前期现场技术考察工作,岗位职责
002364201409007,2,参与电厂项目管理信息平台的设计和建设工作,岗位职责
002364201409007,3,负责各项目电厂管理信息平台后期的运行维护工作,岗位职责
002364201409007,4,负责项目现场的组织和管理工作,岗位职责
002364201409007,5,根据项目要求和系统设计方案，深化设计，绘制施工图,岗位职责
002364201413008,1,负责项目前期现场技术考察工作,岗位职责
002364201413008,2,参与电厂项目管理信息平台的设计和建设工作,岗位职责
002364201413008,3,负责各项目电厂管理信息平台后期的运行维护工作,岗位职责
002364201413008,4,负责项目现场的组织和管理工作,岗位职责
002364201413008,5,根据项目要求和系统设计方案，深化设计，绘制施工图,岗位职责
002364201414009,1,负责项目前期现场技术考察工作,岗位职责
002364201414009,2,参与电厂项目管理信息平台的设计和建设工作,岗位职责
002364201414009,3,负责各项目电厂管理信息平台后期的运行维护工作,岗位职责
002364201414009,4,负责项目现场的组织和管理工作,岗位职责
002364201414009,5,根据项目要求和系统设计方案，深化设计，绘制施工图,岗位职责
002364201415010,1,负责项目前期现场技术考察工作,岗位职责
002364201415010,2,参与电厂项目管理信息平台的设计和建设工作,岗位职责
002364201415010,3,负责各项目电厂管理信息平台后期的运行维护工作,岗位职责
002364201415010,4,负责项目现场的组织和管理工作,岗位职责
002364201415010,5,根据项目要求和系统设计方案，深化设计，绘制施工图,岗位职责
002364201416011,1,负责项目前期现场技术考察工作,岗位职责
002364201416011,2,参与电厂项目管理信息平台的设计和建设工作,岗位职责
002364201416011,3,负责各项目电厂管理信息平台后期的运行维护工作,岗位职责
002364201416011,4,负责项目现场的组织和管理工作,岗位职责
002364201416011,5,根据项目要求和系统设计方案，深化设计，绘制施工图,岗位职责
002364201417012,1,根据公司下达的销售目标，制定所辖区域或产品方向的市场营销策略和营销计划（年、季、月），分解销售目标，对所辖区域年度销售指标的完成负责,职责描述
002364201417012,2,组织和指导本区域销售人员做好营销策略和营销计划,职责描述
002364201417012,3,直接参与所辖区域业务，尤其是重要客户的业务谈判及签单、新客户拓展等工作,职责描述
002364201417012,4,跟进销售回款，督促区域内销售人员做好应收账款的催收工作,职责描述
002364201417012,5,负责提供区域内市场趋势、需求变化、竞争对手和客户反馈方面的准确信息,职责描述
002364201417012,6,负责相关的市场调研与分析预测工作，提交销售分析和总结报告,职责描述
002364201417012,7,制定所辖区域或产品方向的销售团队建设和人员发展计划，依照销售管理办法和销售政策，制定并执行本区域销售人员的培训、工作考核、核算、奖惩方案,职责描述
002364201418013,1,负责项目前期现场技术考察工作,岗位职责
002364201418013,2,参与电厂项目管理信息平台的设计和建设工作,岗位职责
002364201418013,3,负责各项目电厂管理信息平台后期的运行维护工作,岗位职责
002364201418013,4,负责项目现场的组织和管理工作,岗位职责
002364201418013,5,根据项目要求和系统设计方案，深化设计，绘制施工图,岗位职责
002364201419014,1,负责项目前期现场技术考察工作,岗位职责
002364201419014,2,参与电厂项目管理信息平台的设计和建设工作,岗位职责
002364201419014,3,负责各项目电厂管理信息平台后期的运行维护工作,岗位职责
002364201419014,4,负责项目现场的组织和管理工作,岗位职责
002364201419014,5,根据项目要求和系统设计方案，深化设计，绘制施工图,岗位职责
002364201420015,1,"应用专业知识进行电力系统数据分析处理,逐步理解电网规划相关流程",工作职责
002364201420015,2,参与与客户有关负荷及网架规划的阶段性讨论汇报,工作职责
002364201420015,3,文本编撰直至项目评审.,工作职责
002364201420015,4,开展电力相关专题研究、创新,工作职责
002364201421016,1,负责项目前期现场技术考察工作,岗位职责
002364201421016,2,参与电厂项目管理信息平台的设计和建设工作,岗位职责
002364201421016,3,负责各项目电厂管理信息平台后期的运行维护工作,岗位职责
002364201421016,4,负责项目现场的组织和管理工作,岗位职责
002364201421016,5,根据项目要求和系统设计方案，深化设计，绘制施工图,岗位职责
002364201422017,1,负责项目前期现场技术考察工作,岗位职责
002364201422017,2,参与电厂项目管理信息平台的设计和建设工作,岗位职责
002364201422017,3,负责各项目电厂管理信息平台后期的运行维护工作,岗位职责
002364201422017,4,负责项目现场的组织和管理工作,岗位职责
002364201422017,5,根据项目要求和系统设计方案，深化设计，绘制施工图,岗位职责
002364201423018,1,负责项目前期现场技术考察工作,岗位职责
002364201423018,2,参与电厂项目管理信息平台的设计和建设工作,岗位职责
002364201423018,3,负责各项目电厂管理信息平台后期的运行维护工作,岗位职责
002364201423018,4,负责项目现场的组织和管理工作,岗位职责
002364201423018,5,根据项目要求和系统设计方案，深化设计，绘制施工图,岗位职责
002364201424019,1,负责项目前期现场技术考察工作,岗位职责
002364201424019,2,参与电厂项目管理信息平台的设计和建设工作,岗位职责
002364201424019,3,负责各项目电厂管理信息平台后期的运行维护工作,岗位职责
002364201424019,4,负责项目现场的组织和管理工作,岗位职责
002364201424019,5,根据项目要求和系统设计方案，深化设计，绘制施工图,岗位职责
002364201427020,1,负责项目前期现场技术考察工作,岗位职责
002364201427020,2,参与电厂项目管理信息平台的设计和建设工作,岗位职责
002364201427020,3,负责各项目电厂管理信息平台后期的运行维护工作,岗位职责
002364201427020,4,负责项目现场的组织和管理工作,岗位职责
002364201427020,5,根据项目要求和系统设计方案，深化设计，绘制施工图,岗位职责
002364201428021,1,负责项目前期现场技术考察工作,岗位职责
002364201428021,2,参与电厂项目管理信息平台的设计和建设工作,岗位职责
002364201428021,3,负责各项目电厂管理信息平台后期的运行维护工作,岗位职责
002364201428021,4,负责项目现场的组织和管理工作,岗位职责
002364201428021,5,根据项目要求和系统设计方案，深化设计，绘制施工图,岗位职责
